{
  "project_info": {
    "project_number": "473995964831",
    "firebase_url": "https://loginfire-14871.firebaseio.com",
    "project_id": "loginfire-14871",
    "storage_bucket": "loginfire-14871.appspot.com"
  },
  "client": [
    {
      "client_info": {
        "mobilesdk_app_id": "1:473995964831:android:52fedc818719c814",
        "android_client_info": {
          "package_name": "com.adoreappsdeveloper.loginfire"
        }
      },
      "oauth_client": [
        {
          "client_id": "473995964831-56422s06p9vddpo4g31ga9i0d38mku3v.apps.googleusercontent.com",
          "client_type": 1,
          "android_info": {
            "package_name": "com.adoreappsdeveloper.loginfire",
            "certificate_hash": "6486cf1f8300d1142bec75f2721852560bf95d17"
          }
        },
        {
          "client_id": "473995964831-esku4kbjf665uaugqekhks9ei2brdl9s.apps.googleusercontent.com",
          "client_type": 3
        }
      ],
      "api_key": [
        {
          "current_key": "AIzaSyCULein4hYp2sDibfuxBwly1NMduJCw1js"
        }
      ],
      "services": {
        "analytics_service": {
          "status": 1
        },
        "appinvite_service": {
          "status": 2,
          "other_platform_oauth_client": [
            {
              "client_id": "473995964831-esku4kbjf665uaugqekhks9ei2brdl9s.apps.googleusercontent.com",
              "client_type": 3
            }
          ]
        },
        "ads_service": {
          "status": 2
        }
      }
    },
    {
      "client_info": {
        "mobilesdk_app_id": "1:473995964831:android:4068d8223e8f17e8",
        "android_client_info": {
          "package_name": "com.adoreappsdeveloper.newnav"
        }
      },
      "oauth_client": [
        {
          "client_id": "473995964831-hrtdg3hes2tfequ6r5i1dekib5i0h6vl.apps.googleusercontent.com",
          "client_type": 1,
          "android_info": {
            "package_name": "com.adoreappsdeveloper.newnav",
            "certificate_hash": "6486cf1f8300d1142bec75f2721852560bf95d17"
          }
        },
        {
          "client_id": "473995964831-esku4kbjf665uaugqekhks9ei2brdl9s.apps.googleusercontent.com",
          "client_type": 3
        }
      ],
      "api_key": [
        {
          "current_key": "AIzaSyCULein4hYp2sDibfuxBwly1NMduJCw1js"
        }
      ],
      "services": {
        "analytics_service": {
          "status": 1
        },
        "appinvite_service": {
          "status": 2,
          "other_platform_oauth_client": [
            {
              "client_id": "473995964831-esku4kbjf665uaugqekhks9ei2brdl9s.apps.googleusercontent.com",
              "client_type": 3
            }
          ]
        },
        "ads_service": {
          "status": 2
        }
      }
    },
    {
      "client_info": {
        "mobilesdk_app_id": "1:473995964831:android:5212816c0b6fab2c",
        "android_client_info": {
          "package_name": "com.adoreappsdeveloper.goldproject"
        }
      },
      "oauth_client": [
        {
          "client_id": "473995964831-b0poopp05gc6vu189ciuc4cm4v5o1lm3.apps.googleusercontent.com",
          "client_type": 1,
          "android_info": {
            "package_name": "com.adoreappsdeveloper.goldproject",
            "certificate_hash": "6486cf1f8300d1142bec75f2721852560bf95d17"
          }
        },
        {
          "client_id": "473995964831-esku4kbjf665uaugqekhks9ei2brdl9s.apps.googleusercontent.com",
          "client_type": 3
        }
      ],
      "api_key": [
        {
          "current_key": "AIzaSyCULein4hYp2sDibfuxBwly1NMduJCw1js"
        }
      ],
      "services": {
        "analytics_service": {
          "status": 1
        },
        "appinvite_service": {
          "status": 2,
          "other_platform_oauth_client": [
            {
              "client_id": "473995964831-esku4kbjf665uaugqekhks9ei2brdl9s.apps.googleusercontent.com",
              "client_type": 3
            }
          ]
        },
        "ads_service": {
          "status": 2
        }
      }
    },
    {
      "client_info": {
        "mobilesdk_app_id": "1:473995964831:android:37ea242952fcc2f4",
        "android_client_info": {
          "package_name": "com.adoreappsdeveloper.firebaseplayer"
        }
      },
      "oauth_client": [
        {
          "client_id": "473995964831-r9uh3bc15enfil7n0aetvr1sir7usq4r.apps.googleusercontent.com",
          "client_type": 1,
          "android_info": {
            "package_name": "com.adoreappsdeveloper.firebaseplayer",
            "certificate_hash": "6486cf1f8300d1142bec75f2721852560bf95d17"
          }
        },
        {
          "client_id": "473995964831-esku4kbjf665uaugqekhks9ei2brdl9s.apps.googleusercontent.com",
          "client_type": 3
        }
      ],
      "api_key": [
        {
          "current_key": "AIzaSyCULein4hYp2sDibfuxBwly1NMduJCw1js"
        }
      ],
      "services": {
        "analytics_service": {
          "status": 1
        },
        "appinvite_service": {
          "status": 2,
          "other_platform_oauth_client": [
            {
              "client_id": "473995964831-esku4kbjf665uaugqekhks9ei2brdl9s.apps.googleusercontent.com",
              "client_type": 3
            }
          ]
        },
        "ads_service": {
          "status": 2
        }
      }
    },
    {
      "client_info": {
        "mobilesdk_app_id": "1:473995964831:android:9d81c7c56555e465",
        "android_client_info": {
          "package_name": "com.adoreappsdeveloper.androideatit"
        }
      },
      "oauth_client": [
        {
          "client_id": "473995964831-gl9ob77iahg01gbpu2nt2slcjc6fujbq.apps.googleusercontent.com",
          "client_type": 1,
          "android_info": {
            "package_name": "com.adoreappsdeveloper.androideatit",
            "certificate_hash": "6486cf1f8300d1142bec75f2721852560bf95d17"
          }
        },
        {
          "client_id": "473995964831-esku4kbjf665uaugqekhks9ei2brdl9s.apps.googleusercontent.com",
          "client_type": 3
        }
      ],
      "api_key": [
        {
          "current_key": "AIzaSyCULein4hYp2sDibfuxBwly1NMduJCw1js"
        }
      ],
      "services": {
        "analytics_service": {
          "status": 1
        },
        "appinvite_service": {
          "status": 2,
          "other_platform_oauth_client": [
            {
              "client_id": "473995964831-esku4kbjf665uaugqekhks9ei2brdl9s.apps.googleusercontent.com",
              "client_type": 3
            }
          ]
        },
        "ads_service": {
          "status": 2
        }
      }
    }
  ],
  "configuration_version": "1"
}